"GEOID","NAME","mediancomeE","mediancomeM","valueE","valueM","medianyearbuiltE","medianyearbuiltM","NoVehicleE","NoVehicleM"
"20001952600","Census Tract 9526; Allen County; Kansas",62102,8171,NA,NA,1954,5,11,11
"20001952700","Census Tract 9527; Allen County; Kansas",63958,10168,NA,NA,1976,4,13,12
"20001952800","Census Tract 9528; Allen County; Kansas",46729,9502,NA,NA,1973,5,98,69
"20001952900","Census Tract 9529; Allen County; Kansas",50774,10966,53321200,11756023,1938,NA,0,11
"20001953000","Census Tract 9530; Allen County; Kansas",51761,15575,192717900,96010926,1964,9,33,29
"20003953600","Census Tract 9536; Anderson County; Kansas",68817,14668,NA,NA,1959,6,158,94
"20003953700","Census Tract 9537; Anderson County; Kansas",60682,12119,NA,NA,1968,6,13,15
"20005081600","Census Tract 816; Atchison County; Kansas",71419,8813,289131600,41794514,1977,5,18,20
"20005081701","Census Tract 817.01; Atchison County; Kansas",69635,9638,161514600,30083319,1979,6,0,11
"20005081702","Census Tract 817.02; Atchison County; Kansas",50827,12090,58685400,18618954,1960,8,0,11
"20005081800","Census Tract 818; Atchison County; Kansas",47019,6638,72483500,18160830,1960,9,61,53
"20005081900","Census Tract 819; Atchison County; Kansas",39698,5921,NA,NA,1938,NA,221,119
"20007968100","Census Tract 9681; Barber County; Kansas",56150,9939,99213200,17201300,1957,4,51,35
"20007968200","Census Tract 9682; Barber County; Kansas",51522,2135,71811600,21271335,1955,4,19,14
"20009971100","Census Tract 9711; Barton County; Kansas",54060,3807,163853900,22902501,1953,4,23,24
"20009971200","Census Tract 9712; Barton County; Kansas",53287,8771,79117000,18856333,1957,5,7,7
"20009971300","Census Tract 9713; Barton County; Kansas",50677,7641,97815600,24575914,1955,3,71,50
"20009971400","Census Tract 9714; Barton County; Kansas",41494,8264,NA,NA,1954,3,54,52
"20009971500","Census Tract 9715; Barton County; Kansas",59694,12912,171173800,23274035,1972,4,43,54
"20009971600","Census Tract 9716; Barton County; Kansas",54366,8481,162855900,28082896,1956,3,65,55
"20009971700","Census Tract 9717; Barton County; Kansas",47238,13993,NA,NA,1938,NA,123,73
"20009971801","Census Tract 9718.01; Barton County; Kansas",80115,32445,NA,NA,1976,2,74,81
"20011955600","Census Tract 9556; Bourbon County; Kansas",54000,27145,NA,NA,1964,9,3,4
"20011955700","Census Tract 9557; Bourbon County; Kansas",85114,16484,NA,NA,1976,7,10,10
"20011955800","Census Tract 9558; Bourbon County; Kansas",60335,14822,142097200,33406254,1949,11,86,72
"20011955900","Census Tract 9559; Bourbon County; Kansas",54167,19540,NA,NA,1975,6,20,37
"20011956000","Census Tract 9560; Bourbon County; Kansas",43048,10297,NA,NA,1948,7,10,15
"20013480600","Census Tract 4806; Brown County; Kansas",57051,12076,198789600,82287124,1974,3,21,15
"20013480700","Census Tract 4807; Brown County; Kansas",62724,16363,131045300,24943404,1960,6,58,50
"20013480800","Census Tract 4808; Brown County; Kansas",53177,2647,125727500,15041508,1954,5,37,17
"20015020101","Census Tract 201.01; Butler County; Kansas",67171,8352,NA,NA,1982,3,2,3
"20015020102","Census Tract 201.02; Butler County; Kansas",68833,15005,NA,NA,1975,5,40,27
"20015020204","Census Tract 202.04; Butler County; Kansas",107333,36539,NA,NA,1991,4,1,2
"20015020205","Census Tract 202.05; Butler County; Kansas",77344,10023,NA,NA,1988,6,0,11
"20015020206","Census Tract 202.06; Butler County; Kansas",95875,22137,NA,NA,1994,3,35,33
"20015020207","Census Tract 202.07; Butler County; Kansas",95750,21964,284664600,66306569,1999,5,0,11
"20015020208","Census Tract 202.08; Butler County; Kansas",149375,32161,NA,NA,2010,3,49,54
"20015020209","Census Tract 202.09; Butler County; Kansas",100027,14791,126902900,31339863,1987,7,0,11
"20015020210","Census Tract 202.10; Butler County; Kansas",114350,27574,205832800,51875762,2001,4,0,11
"20015020300","Census Tract 203; Butler County; Kansas",69186,15817,NA,NA,1968,5,146,160
"20015020400","Census Tract 204; Butler County; Kansas",39467,7848,NA,NA,1951,14,57,50
"20015020500","Census Tract 205; Butler County; Kansas",54157,5091,NA,NA,1953,3,32,38
"20015020601","Census Tract 206.01; Butler County; Kansas",82365,6499,367112000,139767840,1988,5,34,26
"20015020602","Census Tract 206.02; Butler County; Kansas",70388,6408,NA,NA,1959,15,20,28
"20015020700","Census Tract 207; Butler County; Kansas",53424,10519,NA,NA,1964,6,68,51
"20015020800","Census Tract 208; Butler County; Kansas",49762,6870,126391600,68339386,1948,8,39,36
"20015020901","Census Tract 209.01; Butler County; Kansas",102560,18961,475872000,105424142,1989,5,0,11
"20015020902","Census Tract 209.02; Butler County; Kansas",90076,7222,250574100,34387235,1991,3,32,42
"20015020903","Census Tract 209.03; Butler County; Kansas",76813,7220,NA,NA,1981,6,14,18
"20017960600","Census Tract 9606; Chase County; Kansas",52481,2678,107243600,15411255,1956,4,35,21
"20019964600","Census Tract 9646; Chautauqua County; Kansas",51210,3001,113576600,15985648,1959,6,36,21
"20021958100","Census Tract 9581; Cherokee County; Kansas",55776,7420,76709600,27933672,1968,6,16,12
"20021958200","Census Tract 9582; Cherokee County; Kansas",68775,1315,112919600,35723859,1972,11,1,2
"20021958300","Census Tract 9583; Cherokee County; Kansas",42340,8371,NA,NA,1971,6,35,34
"20021958400","Census Tract 9584; Cherokee County; Kansas",65046,11102,NA,NA,1985,5,0,11
"20021958500","Census Tract 9585; Cherokee County; Kansas",37314,7460,81326900,20523787,1957,5,144,90
"20021958600","Census Tract 9586; Cherokee County; Kansas",53542,14141,NA,NA,1948,9,120,76
"20023950200","Census Tract 9502; Cheyenne County; Kansas",52730,5088,NA,NA,1950,5,32,30
"20025967100","Census Tract 9671; Clark County; Kansas",58287,5415,53843100,8067009,1951,4,18,14
"20027458100","Census Tract 4581; Clay County; Kansas",61000,7507,242957200,32351239,1959,8,42,39
"20027458200","Census Tract 4582; Clay County; Kansas",56279,5252,NA,NA,1956,9,132,89
"20029977100","Census Tract 9771; Cloud County; Kansas",54643,6268,87626400,17714043,1938,NA,20,16
"20029977200","Census Tract 9772; Cloud County; Kansas",41991,8852,NA,NA,1960,5,50,48
"20029977300","Census Tract 9773; Cloud County; Kansas",53203,11443,NA,NA,1954,5,73,65
"20029977400","Census Tract 9774; Cloud County; Kansas",60703,16767,57407100,12511260,1938,NA,7,8
"20031966100","Census Tract 9661; Coffey County; Kansas",79732,23409,184937900,35368735,1971,7,31,21
"20031966200","Census Tract 9662; Coffey County; Kansas",77308,8503,181598600,25364379,1974,3,11,10
"20031966300","Census Tract 9663; Coffey County; Kansas",48214,11829,NA,NA,1966,10,83,43
"20033967600","Census Tract 9676; Comanche County; Kansas",49754,8107,65072500,15894058,1945,9,32,20
"20035493100","Census Tract 4931; Cowley County; Kansas",51009,2737,314431500,240210364,1977,4,25,25
"20035493200","Census Tract 4932; Cowley County; Kansas",70673,10512,NA,NA,1977,5,10,11
"20035493300","Census Tract 4933; Cowley County; Kansas",87527,23810,171401000,32294866,1986,5,11,17
"20035493400","Census Tract 4934; Cowley County; Kansas",53722,7306,NA,NA,1966,13,14,16
"20035493500","Census Tract 4935; Cowley County; Kansas",55346,11044,NA,NA,1959,6,138,62
"20035493600","Census Tract 4936; Cowley County; Kansas",51932,14891,NA,NA,1952,8,77,61
"20035493700","Census Tract 4937; Cowley County; Kansas",43962,7614,98511300,30208656,1957,3,106,66
"20035493800","Census Tract 4938; Cowley County; Kansas",51387,9221,NA,NA,1961,6,37,30
"20035493900","Census Tract 4939; Cowley County; Kansas",87566,13362,194404800,28535420,1974,4,0,11
"20035494000","Census Tract 4940; Cowley County; Kansas",34570,10601,NA,NA,1942,7,97,75
"20035494100","Census Tract 4941; Cowley County; Kansas",47500,15624,21065000,10993486,1938,NA,15,18
"20037956600","Census Tract 9566; Crawford County; Kansas",50818,4510,188271700,69488987,1971,6,71,31
"20037956700","Census Tract 9567; Crawford County; Kansas",55139,11496,NA,NA,1971,6,41,26
"20037956800","Census Tract 9568; Crawford County; Kansas",41381,4323,NA,NA,1965,5,27,18
"20037956900","Census Tract 9569; Crawford County; Kansas",60714,11584,NA,NA,1978,4,37,40
"20037957000","Census Tract 9570; Crawford County; Kansas",63986,7590,185004100,36967687,1975,3,22,34
"20037957100","Census Tract 9571; Crawford County; Kansas",26581,9018,NA,NA,1955,5,116,71
"20037957200","Census Tract 9572; Crawford County; Kansas",43125,14778,NA,NA,1956,8,80,59
"20037957300","Census Tract 9573; Crawford County; Kansas",54524,26090,NA,NA,1979,9,48,40
"20037957400","Census Tract 9574; Crawford County; Kansas",56885,6058,82498400,27816711,1946,10,42,26
"20037957500","Census Tract 9575; Crawford County; Kansas",28594,9811,18839300,8030776,1938,NA,277,170
"20037957601","Census Tract 9576.01; Crawford County; Kansas",51763,7246,170477200,31705936,1997,4,44,44
"20037957602","Census Tract 9576.02; Crawford County; Kansas",42326,11974,NA,NA,1965,8,123,72
"20039951300","Census Tract 9513; Decatur County; Kansas",49412,5958,102253300,14975544,1955,5,28,24
"20041084100","Census Tract 841; Dickinson County; Kansas",69844,10345,268487800,35376957,1970,8,51,43
"20041084200","Census Tract 842; Dickinson County; Kansas",75809,12100,116986200,23857379,1970,13,38,28
"20041084300","Census Tract 843; Dickinson County; Kansas",56610,7221,165425000,33408376,1955,4,31,24
"20041084400","Census Tract 844; Dickinson County; Kansas",53429,14348,NA,NA,1958,5,182,139
"20041084500","Census Tract 845; Dickinson County; Kansas",66938,7448,140214500,35074951,1951,9,18,15
"20041084600","Census Tract 846; Dickinson County; Kansas",63909,9278,70367400,17739102,1938,NA,46,42
"20043020100","Census Tract 201; Doniphan County; Kansas",80481,7334,NA,NA,1962,8,16,13
"20043020200","Census Tract 202; Doniphan County; Kansas",57279,12701,NA,NA,1938,NA,35,28
"20043020300","Census Tract 203; Doniphan County; Kansas",66585,8265,139656400,19691524,1974,5,50,39
"20045000100","Census Tract 1; Douglas County; Kansas",65966,13722,NA,NA,1965,19,160,84
"20045000201","Census Tract 2.01; Douglas County; Kansas",86118,43346,NA,NA,1953,8,23,26
"20045000202","Census Tract 2.02; Douglas County; Kansas",47679,18190,218037900,65515277,1953,14,104,110
"20045000301","Census Tract 3.01; Douglas County; Kansas",22672,9359,NA,NA,1974,9,356,187
"20045000302","Census Tract 3.02; Douglas County; Kansas",47679,16702,45400800,16738109,1966,9,8,13
"20045000400","Census Tract 4; Douglas County; Kansas",NA,NA,NA,NA,1962,29,5,12
"20045000501","Census Tract 5.01; Douglas County; Kansas",58203,14751,NA,NA,1974,4,58,54
"20045000502","Census Tract 5.02; Douglas County; Kansas",65776,10450,NA,NA,1968,6,120,84
"20045000602","Census Tract 6.02; Douglas County; Kansas",128527,39031,943661300,208496868,2007,3,83,98
"20045000603","Census Tract 6.03; Douglas County; Kansas",69083,14813,NA,NA,2008,3,174,106
"20045000604","Census Tract 6.04; Douglas County; Kansas",83310,14874,391960000,64485035,1979,4,159,154
"20045000701","Census Tract 7.01; Douglas County; Kansas",137535,46916,399286700,110064649,1996,2,146,195
"20045000703","Census Tract 7.03; Douglas County; Kansas",57466,3847,NA,NA,1982,4,83,73
"20045000704","Census Tract 7.04; Douglas County; Kansas",42283,22037,NA,NA,1967,2,115,113
"20045000797","Census Tract 7.97; Douglas County; Kansas",81141,16498,513763500,91746809,1991,3,117,69
"20045000801","Census Tract 8.01; Douglas County; Kansas",45155,5059,203991500,48446548,1997,2,192,127
"20045000802","Census Tract 8.02; Douglas County; Kansas",51649,12381,NA,NA,1986,4,155,111
"20045000902","Census Tract 9.02; Douglas County; Kansas",47589,14635,NA,NA,1978,6,63,52
"20045000903","Census Tract 9.03; Douglas County; Kansas",36548,14780,NA,NA,1967,13,56,60
"20045000904","Census Tract 9.04; Douglas County; Kansas",48490,1036,108910400,56970975,1976,6,214,124
"20045001001","Census Tract 10.01; Douglas County; Kansas",77688,15701,163064700,37462725,1951,3,10,15
"20045001002","Census Tract 10.02; Douglas County; Kansas",75716,6159,383812600,97523757,1994,3,25,40
"20045001201","Census Tract 12.01; Douglas County; Kansas",114194,15109,303678800,72232186,1986,8,0,11
"20045001202","Census Tract 12.02; Douglas County; Kansas",110071,19721,504534000,69060877,1996,4,13,22
"20045001203","Census Tract 12.03; Douglas County; Kansas",85975,5562,610163600,124124519,1982,9,124,83
"20045001400","Census Tract 14; Douglas County; Kansas",116060,11233,804291600,136898821,1985,5,8,12
"20045001500","Census Tract 15; Douglas County; Kansas",86458,20477,NA,NA,1985,5,6,7
"20047969600","Census Tract 9696; Edwards County; Kansas",66458,15622,NA,NA,1940,9,14,10
"20047969700","Census Tract 9697; Edwards County; Kansas",47500,3902,NA,NA,1945,5,38,28
"20049965100","Census Tract 9651; Elk County; Kansas",50000,7248,NA,NA,1959,4,33,16
"20051072600","Census Tract 726; Ellis County; Kansas",76250,17220,NA,NA,1971,4,3,4
"20051072701","Census Tract 727.01; Ellis County; Kansas",58833,19087,306598900,55202884,1973,3,68,45
"20051072702","Census Tract 727.02; Ellis County; Kansas",61578,9309,147816700,30392469,1987,5,19,15
"20051072801","Census Tract 728.01; Ellis County; Kansas",77344,17229,NA,NA,1968,4,0,11
"20051072802","Census Tract 728.02; Ellis County; Kansas",64417,27473,NA,NA,1992,6,7,20
"20051072901","Census Tract 729.01; Ellis County; Kansas",48223,18263,NA,NA,1949,7,53,66
"20051072902","Census Tract 729.02; Ellis County; Kansas",33540,6767,15286500,10386381,1969,7,27,28
"20051073000","Census Tract 730; Ellis County; Kansas",66167,19304,368118400,233543265,1962,7,95,115
"20053086600","Census Tract 866; Ellsworth County; Kansas",57083,8394,NA,NA,1963,7,11,13
"20053086700","Census Tract 867; Ellsworth County; Kansas",61797,9260,NA,NA,1956,12,59,36
"20055960100","Census Tract 9601; Finney County; Kansas",68105,7878,271374000,40977452,1980,4,11,16
"20055960200","Census Tract 9602; Finney County; Kansas",81494,12244,313711900,72639144,1975,2,30,47
"20055960300","Census Tract 9603; Finney County; Kansas",57887,11560,145188900,29605840,1961,3,110,91
"20055960401","Census Tract 9604.01; Finney County; Kansas",88583,15577,179944900,37060184,1972,3,0,11
"20055960403","Census Tract 9604.03; Finney County; Kansas",64940,10023,NA,NA,1983,3,70,46
"20055960404","Census Tract 9604.04; Finney County; Kansas",88056,15928,150091600,67848044,1989,5,37,46
"20055960501","Census Tract 9605.01; Finney County; Kansas",51705,32345,NA,NA,1985,7,25,31
"20055960503","Census Tract 9605.03; Finney County; Kansas",88125,40155,85387800,28987852,1989,5,0,11
"20055960505","Census Tract 9605.05; Finney County; Kansas",62670,34877,NA,NA,1948,5,33,37
"20055960507","Census Tract 9605.07; Finney County; Kansas",34901,31950,55664500,14479196,1985,6,123,162
"20055960508","Census Tract 9605.08; Finney County; Kansas",58259,12653,NA,NA,1992,2,0,11
"20055960600","Census Tract 9606; Finney County; Kansas",65285,6822,174440000,30491065,1970,5,56,63
"20057961600","Census Tract 9616; Ford County; Kansas",68527,2564,NA,NA,1970,8,5,6
"20057961700","Census Tract 9617; Ford County; Kansas",62778,26496,NA,NA,1957,4,4,5
"20057961801","Census Tract 9618.01; Ford County; Kansas",79205,30004,NA,NA,1970,10,72,98
"20057961802","Census Tract 9618.02; Ford County; Kansas",85259,38382,143962900,29264228,1990,7,0,16
"20057961901","Census Tract 9619.01; Ford County; Kansas",63712,35136,72015500,18687003,1970,4,20,32
"20057961902","Census Tract 9619.02; Ford County; Kansas",71379,20725,160845500,28895206,1970,4,31,19
"20057962000","Census Tract 9620; Ford County; Kansas",62697,16082,109049800,30435034,1964,7,60,50
"20057962101","Census Tract 9621.01; Ford County; Kansas",44019,1925,NA,NA,1959,14,11,18
"20057962102","Census Tract 9621.02; Ford County; Kansas",74167,7604,52417600,16946242,1977,4,4,6
"20059954101","Census Tract 9541.01; Franklin County; Kansas",61806,11068,242040400,48379065,1977,5,25,27
"20059954102","Census Tract 9541.02; Franklin County; Kansas",79167,20605,194096700,52974497,1972,8,32,24
"20059954200","Census Tract 9542; Franklin County; Kansas",54740,18263,NA,NA,1977,8,12,13
"20059954300","Census Tract 9543; Franklin County; Kansas",81193,21011,242939900,44797736,1970,7,107,66
"20059954400","Census Tract 9544; Franklin County; Kansas",49679,12335,NA,NA,1961,5,124,71
"20059954500","Census Tract 9545; Franklin County; Kansas",77460,10470,641489500,158384078,1984,5,25,31
"20061000100","Census Tract 1; Geary County; Kansas",48735,7683,NA,NA,1996,7,0,11
"20061000200","Census Tract 2; Geary County; Kansas",39500,6491,NA,NA,1977,7,109,88
"20061000300","Census Tract 3; Geary County; Kansas",58899,9871,NA,NA,1992,12,91,71
"20061000401","Census Tract 4.01; Geary County; Kansas",64053,7023,NA,NA,1986,3,20,25
"20061000402","Census Tract 4.02; Geary County; Kansas",84010,42979,NA,NA,1957,3,17,28
"20061000500","Census Tract 5; Geary County; Kansas",52737,6103,65250400,28036971,1956,6,31,33
"20061000601","Census Tract 6.01; Geary County; Kansas",39913,3006,NA,NA,2011,3,0,16
"20061000602","Census Tract 6.02; Geary County; Kansas",74236,24247,NA,NA,1999,9,0,11
"20061000700","Census Tract 7; Geary County; Kansas",52576,8683,NA,NA,1988,6,34,40
"20061000801","Census Tract 8.01; Geary County; Kansas",80761,35704,201001000,111294964,1992,6,12,22
"20061000802","Census Tract 8.02; Geary County; Kansas",89357,17484,289137000,61949867,2000,5,0,11
"20063955300","Census Tract 9553; Gove County; Kansas",59417,7218,159461100,35018904,1958,3,14,11
"20065952300","Census Tract 9523; Graham County; Kansas",47071,4020,NA,NA,1958,2,37,16
"20067963600","Census Tract 9636; Grant County; Kansas",107946,20071,NA,NA,1980,8,0,11
"20067963700","Census Tract 9637; Grant County; Kansas",66444,32620,224238800,48943318,1981,5,0,16
"20069962600","Census Tract 9626; Gray County; Kansas",84074,15160,NA,NA,1973,5,1,4
"20069962700","Census Tract 9627; Gray County; Kansas",63913,5457,158662600,19016038,1977,4,11,18
"20071958100","Census Tract 9581; Greeley County; Kansas",69948,9695,59391200,10757771,1963,5,15,10
"20073965600","Census Tract 9656; Greenwood County; Kansas",58102,4762,125974100,61253180,1950,7,47,30
"20073965700","Census Tract 9657; Greenwood County; Kansas",39063,7016,NA,NA,1955,3,78,42
"20073965800","Census Tract 9658; Greenwood County; Kansas",67994,4610,92601100,16465521,1976,5,30,28
"20075958600","Census Tract 9586; Hamilton County; Kansas",58750,9583,NA,NA,1966,6,13,15
"20077961600","Census Tract 9616; Harper County; Kansas",58378,3896,71377400,11640473,1960,5,42,19
"20077961700","Census Tract 9617; Harper County; Kansas",41176,8996,NA,NA,1958,4,0,11
"20077961800","Census Tract 9618; Harper County; Kansas",51167,2633,54771400,10710122,1958,3,5,7
"20079030100","Census Tract 301; Harvey County; Kansas",72649,4721,NA,NA,1965,8,81,47
"20079030200","Census Tract 302; Harvey County; Kansas",64860,13262,NA,NA,1968,5,166,121
"20079030300","Census Tract 303; Harvey County; Kansas",72311,9558,260473500,54313682,1975,10,58,46
"20079030400","Census Tract 304; Harvey County; Kansas",64693,9263,NA,NA,1957,4,29,32
"20079030500","Census Tract 305; Harvey County; Kansas",68606,8179,359106900,78938161,1983,7,112,102
"20079030601","Census Tract 306.01; Harvey County; Kansas",84022,19225,NA,NA,1975,9,3,5
"20079030602","Census Tract 306.02; Harvey County; Kansas",68635,8918,203727200,45612828,1966,4,14,10
"20081463100","Census Tract 4631; Haskell County; Kansas",66458,6852,NA,NA,1975,3,39,32
"20083461100","Census Tract 4611; Hodgeman County; Kansas",63125,11956,70949400,9671304,1955,5,1,4
"20085082600","Census Tract 826; Jackson County; Kansas",75510,4144,338417800,44795562,1978,3,15,14
"20085082700","Census Tract 827; Jackson County; Kansas",56034,10757,NA,NA,1966,5,98,74
"20085082800","Census Tract 828; Jackson County; Kansas",71438,5397,249934400,52444968,1985,6,45,21
"20087020101","Census Tract 201.01; Jefferson County; Kansas",79676,6759,NA,NA,1979,5,63,48
"20087020102","Census Tract 201.02; Jefferson County; Kansas",72983,6392,NA,NA,1982,4,14,17
"20087020200","Census Tract 202; Jefferson County; Kansas",63878,6734,258010500,34151580,1970,8,156,113
"20087020300","Census Tract 203; Jefferson County; Kansas",86055,22397,NA,NA,1976,3,42,35
"20089576300","Census Tract 5763; Jewell County; Kansas",47109,4603,NA,NA,1938,NA,27,17
"20091050000","Census Tract 500; Johnson County; Kansas",130972,24889,NA,NA,1947,2,1,3
"20091050100","Census Tract 501; Johnson County; Kansas",80547,8719,NA,NA,1951,3,47,62
"20091050200","Census Tract 502; Johnson County; Kansas",98333,5290,304604500,45071839,1955,2,16,24
"20091050301","Census Tract 503.01; Johnson County; Kansas",56870,4985,107387600,23067645,1981,4,0,11
"20091050302","Census Tract 503.02; Johnson County; Kansas",80726,13907,NA,NA,1958,2,124,47
"20091050400","Census Tract 504; Johnson County; Kansas",62967,11006,311085900,57886348,1967,5,66,52
"20091050500","Census Tract 505; Johnson County; Kansas",89295,4624,NA,NA,1959,3,23,34
"20091050600","Census Tract 506; Johnson County; Kansas",102688,14741,509361400,53173247,1957,2,11,18
"20091050700","Census Tract 507; Johnson County; Kansas",116359,34296,679989000,110119820,1955,2,27,42
"20091050800","Census Tract 508; Johnson County; Kansas",250001,NA,1249217000,196437422,1953,2,0,11
"20091050900","Census Tract 509; Johnson County; Kansas",114385,20246,1236876600,129786881,1956,2,33,52
"20091051000","Census Tract 510; Johnson County; Kansas",123024,7556,505736200,61974211,1954,1,0,11
"20091051100","Census Tract 511; Johnson County; Kansas",80160,16562,262900500,36372150,1958,2,36,53
"20091051200","Census Tract 512; Johnson County; Kansas",68170,5568,265367900,68433138,1962,4,97,59
"20091051300","Census Tract 513; Johnson County; Kansas",74380,8493,327681200,47467970,1958,2,102,61
"20091051400","Census Tract 514; Johnson County; Kansas",108125,35512,NA,NA,1958,1,7,13
"20091051500","Census Tract 515; Johnson County; Kansas",88939,22539,491367600,69207797,1959,2,60,48
"20091051600","Census Tract 516; Johnson County; Kansas",175313,19796,NA,NA,1956,2,22,39
"20091051700","Census Tract 517; Johnson County; Kansas",164875,14813,1014532800,154349906,1966,2,59,43
"20091051801","Census Tract 518.01; Johnson County; Kansas",111875,17646,778304900,164164535,1969,2,54,50
"20091051803","Census Tract 518.03; Johnson County; Kansas",74203,10771,253838700,40132247,1968,3,140,115
"20091051804","Census Tract 518.04; Johnson County; Kansas",65026,23269,398244400,62478192,1976,2,99,73
"20091051805","Census Tract 518.05; Johnson County; Kansas",94591,21480,669132100,145683730,1966,2,30,34
"20091051806","Census Tract 518.06; Johnson County; Kansas",114844,9577,656282100,141406884,1975,11,0,16
"20091051807","Census Tract 518.07; Johnson County; Kansas",105876,6537,NA,NA,1963,2,0,11
"20091051808","Census Tract 518.08; Johnson County; Kansas",56307,11101,NA,NA,1973,6,28,42
"20091051902","Census Tract 519.02; Johnson County; Kansas",100169,23966,NA,NA,1966,2,41,44
"20091051904","Census Tract 519.04; Johnson County; Kansas",95850,16578,517708000,69900398,1981,3,48,56
"20091051907","Census Tract 519.07; Johnson County; Kansas",81250,5942,82720100,21335530,1975,4,69,50
"20091051908","Census Tract 519.08; Johnson County; Kansas",74592,8058,139914800,16207530,1974,2,15,12
"20091051909","Census Tract 519.09; Johnson County; Kansas",75855,19036,NA,NA,1969,2,33,49
"20091051910","Census Tract 519.10; Johnson County; Kansas",67550,9625,14154700,12777803,1988,7,0,11
"20091051911","Census Tract 519.11; Johnson County; Kansas",73750,18354,NA,NA,1969,5,6,14
"20091051912","Census Tract 519.12; Johnson County; Kansas",86250,15828,162848500,25125731,1964,2,0,11
"20091052001","Census Tract 520.01; Johnson County; Kansas",62611,11343,84993300,40347937,1972,5,28,26
"20091052004","Census Tract 520.04; Johnson County; Kansas",69022,16750,149226700,26967712,1971,3,11,12
"20091052005","Census Tract 520.05; Johnson County; Kansas",60593,3667,NA,NA,1965,5,0,11
"20091052006","Census Tract 520.06; Johnson County; Kansas",69304,12280,165098800,46923323,1966,2,0,11
"20091052101","Census Tract 521.01; Johnson County; Kansas",61902,9190,79801400,16302031,1966,4,89,55
"20091052102","Census Tract 521.02; Johnson County; Kansas",72143,20736,NA,NA,1961,4,76,52
"20091052201","Census Tract 522.01; Johnson County; Kansas",85577,4169,NA,NA,1977,5,23,24
"20091052202","Census Tract 522.02; Johnson County; Kansas",96818,11549,NA,NA,1967,4,0,11
"20091052304","Census Tract 523.04; Johnson County; Kansas",95817,9855,440067100,50895571,1973,1,12,19
"20091052305","Census Tract 523.05; Johnson County; Kansas",109028,13383,NA,NA,1984,4,8,13
"20091052306","Census Tract 523.06; Johnson County; Kansas",120179,31378,705427600,95719805,1991,2,116,99
"20091052307","Census Tract 523.07; Johnson County; Kansas",84261,20879,233866500,39552574,1987,3,0,11
"20091052308","Census Tract 523.08; Johnson County; Kansas",78321,22615,164556800,47819815,1995,7,181,255
"20091052410","Census Tract 524.10; Johnson County; Kansas",96532,23222,NA,NA,1989,2,110,88
"20091052411","Census Tract 524.11; Johnson County; Kansas",149583,6089,408568500,58963489,1993,2,0,11
"20091052414","Census Tract 524.14; Johnson County; Kansas",119722,8811,453145600,59459730,1986,1,80,54
"20091052415","Census Tract 524.15; Johnson County; Kansas",79844,10024,186062500,25433524,1988,2,36,56
"20091052416","Census Tract 524.16; Johnson County; Kansas",82692,17208,287901800,43871405,1977,1,97,59
"20091052417","Census Tract 524.17; Johnson County; Kansas",70564,9787,79120100,22579980,1980,4,21,23
"20091052418","Census Tract 524.18; Johnson County; Kansas",42924,3857,NA,NA,1979,3,144,104
"20091052419","Census Tract 524.19; Johnson County; Kansas",93750,20102,422418600,77618341,1978,2,0,11
"20091052421","Census Tract 524.21; Johnson County; Kansas",100349,15570,400773500,78158784,1978,2,21,24
"20091052422","Census Tract 524.22; Johnson County; Kansas",92610,11605,437829800,78822015,1977,1,0,16
"20091052423","Census Tract 524.23; Johnson County; Kansas",54594,11057,NA,NA,1980,6,49,50
"20091052502","Census Tract 525.02; Johnson County; Kansas",165840,23615,293109400,49232901,1988,3,0,11
"20091052505","Census Tract 525.05; Johnson County; Kansas",91597,19804,NA,NA,2007,4,0,11
"20091052506","Census Tract 525.06; Johnson County; Kansas",129545,25508,NA,NA,2007,2,0,11
"20091052507","Census Tract 525.07; Johnson County; Kansas",92664,22647,NA,NA,2010,3,55,52
"20091052604","Census Tract 526.04; Johnson County; Kansas",113438,46020,379431900,80743915,2006,2,25,25
"20091052606","Census Tract 526.06; Johnson County; Kansas",89674,7182,NA,NA,1996,2,28,36
"20091052607","Census Tract 526.07; Johnson County; Kansas",158438,30716,351572400,70742638,2006,2,14,14
"20091052608","Census Tract 526.08; Johnson County; Kansas",180250,35011,1091694200,127206083,2005,2,0,16
"20091052609","Census Tract 526.09; Johnson County; Kansas",159327,21532,724218500,108084020,2011,1,1,3
"20091052610","Census Tract 526.10; Johnson County; Kansas",171964,19489,495531200,66211674,2003,2,0,16
"20091052611","Census Tract 526.11; Johnson County; Kansas",89531,45206,292640600,82523753,2003,3,12,20
"20091052612","Census Tract 526.12; Johnson County; Kansas",118826,58531,350368500,129800437,1995,1,0,11
"20091052613","Census Tract 526.13; Johnson County; Kansas",164077,12382,770411600,139248719,2003,2,0,16
"20091052701","Census Tract 527.01; Johnson County; Kansas",113507,24322,543605000,187459478,1989,5,45,46
"20091052702","Census Tract 527.02; Johnson County; Kansas",93264,36226,NA,NA,1994,3,0,11
"20091052803","Census Tract 528.03; Johnson County; Kansas",73780,6819,140887400,29156527,1979,3,34,38
"20091052804","Census Tract 528.04; Johnson County; Kansas",181838,61551,NA,NA,2004,2,0,16
"20091052805","Census Tract 528.05; Johnson County; Kansas",123007,6434,746730100,79063210,2002,2,0,16
"20091052806","Census Tract 528.06; Johnson County; Kansas",119290,17445,575886900,62401284,2005,1,19,30
"20091052807","Census Tract 528.07; Johnson County; Kansas",154731,17762,746973900,85308235,2008,2,8,13
"20091052904","Census Tract 529.04; Johnson County; Kansas",104090,7573,339813900,91289669,1987,3,7,11
"20091052905","Census Tract 529.05; Johnson County; Kansas",63404,16245,NA,NA,1992,4,48,49
"20091052906","Census Tract 529.06; Johnson County; Kansas",81250,15593,NA,NA,1975,2,25,28
"20091052907","Census Tract 529.07; Johnson County; Kansas",76667,18860,196955600,25556480,1984,2,77,98
"20091052908","Census Tract 529.08; Johnson County; Kansas",66496,11514,NA,NA,1985,2,313,273
"20091052910","Census Tract 529.10; Johnson County; Kansas",115273,22808,NA,NA,1999,2,195,68
"20091053004","Census Tract 530.04; Johnson County; Kansas",85556,9564,NA,NA,1982,2,63,51
"20091053005","Census Tract 530.05; Johnson County; Kansas",110223,13907,104865000,58774214,1991,4,168,159
"20091053006","Census Tract 530.06; Johnson County; Kansas",85057,20890,222902600,43573973,2005,3,145,59
"20091053007","Census Tract 530.07; Johnson County; Kansas",110840,10125,511263300,121232946,1994,1,34,25
"20091053008","Census Tract 530.08; Johnson County; Kansas",120066,41801,NA,NA,1994,2,52,49
"20091053009","Census Tract 530.09; Johnson County; Kansas",118864,19038,NA,NA,1992,2,43,42
"20091053010","Census Tract 530.10; Johnson County; Kansas",138563,29466,651369800,118385035,1999,2,74,83
"20091053011","Census Tract 530.11; Johnson County; Kansas",135979,2326,314369200,136558894,1997,2,25,24
"20091053012","Census Tract 530.12; Johnson County; Kansas",100667,15969,268038400,32837528,1989,2,22,28
"20091053013","Census Tract 530.13; Johnson County; Kansas",98077,19040,167461100,60166571,1992,6,48,44
"20091053101","Census Tract 531.01; Johnson County; Kansas",84238,3906,366052100,76371938,1986,2,0,11
"20091053102","Census Tract 531.02; Johnson County; Kansas",113801,10311,483863800,78021447,1985,2,9,13
"20091053105","Census Tract 531.05; Johnson County; Kansas",71779,11778,NA,NA,1988,2,61,45
"20091053108","Census Tract 531.08; Johnson County; Kansas",108916,9460,419502500,64236022,1990,2,3,5
"20091053109","Census Tract 531.09; Johnson County; Kansas",105968,14363,219730600,37037173,1999,2,20,21
"20091053110","Census Tract 531.10; Johnson County; Kansas",176375,18812,475533800,49424417,1994,1,53,47
"20091053201","Census Tract 532.01; Johnson County; Kansas",111125,24248,384634000,113089556,1991,3,58,51
"20091053202","Census Tract 532.02; Johnson County; Kansas",103871,22141,391532000,59063103,1989,2,119,57
"20091053203","Census Tract 532.03; Johnson County; Kansas",105441,23620,NA,NA,1997,2,93,69
"20091053301","Census Tract 533.01; Johnson County; Kansas",168849,44096,1947169300,444706275,1989,3,19,31
"20091053302","Census Tract 533.02; Johnson County; Kansas",167311,35372,1389257200,195161362,1989,3,37,47
"20091053403","Census Tract 534.03; Johnson County; Kansas",117383,17332,372773500,67588774,2001,2,0,11
"20091053409","Census Tract 534.09; Johnson County; Kansas",146974,31526,857037400,141720236,1999,3,36,36
"20091053411","Census Tract 534.11; Johnson County; Kansas",111115,15992,584144500,88024747,1994,2,0,16
"20091053413","Census Tract 534.13; Johnson County; Kansas",125258,31391,535985900,88860581,2001,2,0,11
"20091053414","Census Tract 534.14; Johnson County; Kansas",97500,7741,349906600,105450154,2007,3,123,120
"20091053415","Census Tract 534.15; Johnson County; Kansas",95945,13728,NA,NA,2000,3,144,165
"20091053417","Census Tract 534.17; Johnson County; Kansas",126488,11625,NA,NA,1997,2,47,52
"20091053418","Census Tract 534.18; Johnson County; Kansas",129926,25729,566482400,107570526,2002,3,0,16
"20091053419","Census Tract 534.19; Johnson County; Kansas",158370,27456,NA,NA,1998,2,7,11
"20091053421","Census Tract 534.21; Johnson County; Kansas",133333,43823,388579500,48901974,2006,2,43,31
"20091053422","Census Tract 534.22; Johnson County; Kansas",115625,83775,529016200,170192317,2002,3,0,11
"20091053423","Census Tract 534.23; Johnson County; Kansas",225958,7433,896155400,96887132,1999,2,0,16
"20091053425","Census Tract 534.25; Johnson County; Kansas",135179,13291,298216300,33192940,2004,1,0,11
"20091053426","Census Tract 534.26; Johnson County; Kansas",148832,19448,656431000,74466767,1995,1,0,16
"20091053427","Census Tract 534.27; Johnson County; Kansas",250001,NA,1710224500,321669423,2012,2,0,16
"20091053428","Census Tract 534.28; Johnson County; Kansas",194808,45128,NA,NA,2010,3,0,11
"20091053429","Census Tract 534.29; Johnson County; Kansas",201823,25447,NA,NA,2004,2,13,21
"20091053430","Census Tract 534.30; Johnson County; Kansas",184567,23850,665709600,83917598,2002,2,27,35
"20091053431","Census Tract 534.31; Johnson County; Kansas",172091,14907,518203200,117570033,2003,5,0,11
"20091053502","Census Tract 535.02; Johnson County; Kansas",45688,14612,74442900,29466250,1979,3,100,65
"20091053506","Census Tract 535.06; Johnson County; Kansas",122155,26961,NA,NA,1986,2,0,11
"20091053507","Census Tract 535.07; Johnson County; Kansas",113631,12496,540063800,91042713,1985,2,0,16
"20091053508","Census Tract 535.08; Johnson County; Kansas",119970,11072,471971700,60898067,1976,2,0,16
"20091053509","Census Tract 535.09; Johnson County; Kansas",107139,10822,579148000,81235030,1995,3,0,16
"20091053510","Census Tract 535.10; Johnson County; Kansas",136477,16575,532146100,42513813,2000,2,0,16
"20091053555","Census Tract 535.55; Johnson County; Kansas",40156,4478,NA,NA,1959,6,122,62
"20091053556","Census Tract 535.56; Johnson County; Kansas",65536,4750,NA,NA,1962,2,26,34
"20091053557","Census Tract 535.57; Johnson County; Kansas",56719,16136,NA,NA,1968,4,25,35
"20091053558","Census Tract 535.58; Johnson County; Kansas",127750,18604,296898800,42022000,2002,3,0,11
"20091053559","Census Tract 535.59; Johnson County; Kansas",156215,36884,450640900,126969542,2006,1,0,11
"20091053560","Census Tract 535.60; Johnson County; Kansas",181484,30457,683488900,83814868,2012,2,0,16
"20091053601","Census Tract 536.01; Johnson County; Kansas",62000,23424,NA,NA,1956,3,0,11
"20091053603","Census Tract 536.03; Johnson County; Kansas",135232,19536,322530100,53635359,2008,3,124,93
"20091053604","Census Tract 536.04; Johnson County; Kansas",112350,29442,NA,NA,1979,5,14,24
"20091053701","Census Tract 537.01; Johnson County; Kansas",84531,10439,255620300,57811323,1979,3,0,11
"20091053703","Census Tract 537.03; Johnson County; Kansas",72050,14174,170273300,33477948,2004,1,73,58
"20091053705","Census Tract 537.05; Johnson County; Kansas",77031,25317,NA,NA,1999,3,2,6
"20091053707","Census Tract 537.07; Johnson County; Kansas",83726,7431,276604800,46590630,1995,3,36,45
"20091053709","Census Tract 537.09; Johnson County; Kansas",99015,15319,NA,NA,2001,2,25,28
"20091053711","Census Tract 537.11; Johnson County; Kansas",145642,8627,NA,NA,2006,3,0,11
"20091053712","Census Tract 537.12; Johnson County; Kansas",101866,11883,NA,NA,2002,2,0,11
"20091053801","Census Tract 538.01; Johnson County; Kansas",1e+05,11844,730619200,93252594,1986,6,40,40
"20091053803","Census Tract 538.03; Johnson County; Kansas",131364,24361,NA,NA,1986,5,0,11
"20091053804","Census Tract 538.04; Johnson County; Kansas",198490,19110,1055926500,182163894,2012,1,0,11
"20091980001","Census Tract 9800.01; Johnson County; Kansas",NA,NA,NA,NA,NA,NA,0,11
"20091980003","Census Tract 9800.03; Johnson County; Kansas",NA,NA,NA,NA,NA,NA,0,11
"20091980004","Census Tract 9800.04; Johnson County; Kansas",NA,NA,NA,NA,NA,NA,0,11
"20091980005","Census Tract 9800.05; Johnson County; Kansas",NA,NA,NA,NA,NA,NA,0,11
"20091980100","Census Tract 9801; Johnson County; Kansas",NA,NA,NA,NA,NA,NA,0,11
"20093959100","Census Tract 9591; Kearny County; Kansas",68750,18282,154762400,25393069,1972,6,27,27
"20095961100","Census Tract 9611; Kingman County; Kansas",76705,15390,NA,NA,1971,15,5,5
"20095961200","Census Tract 9612; Kingman County; Kansas",56574,2777,101292100,34775640,1955,5,61,41
"20095961300","Census Tract 9613; Kingman County; Kansas",59250,7488,NA,NA,1950,7,28,23
"20097969100","Census Tract 9691; Kiowa County; Kansas",70347,4237,NA,NA,1969,5,20,14
"20099950100","Census Tract 9501; Labette County; Kansas",58208,7842,109338100,27434877,1961,14,38,28
"20099950200","Census Tract 9502; Labette County; Kansas",49659,19574,NA,NA,1938,NA,85,50
"20099950300","Census Tract 9503; Labette County; Kansas",59563,15585,90817800,23897731,1960,13,13,15
"20099950400","Census Tract 9504; Labette County; Kansas",44071,8155,121883800,23455502,1959,6,11,17
"20099950500","Census Tract 9505; Labette County; Kansas",67614,11573,235906400,75949254,1975,4,12,10
"20099950600","Census Tract 9506; Labette County; Kansas",57731,11351,156756400,47950059,1965,9,10,6
"20099950700","Census Tract 9507; Labette County; Kansas",53750,7953,NA,NA,1963,6,37,22
"20099950800","Census Tract 9508; Labette County; Kansas",30625,14190,NA,NA,1960,7,33,26
"20101956600","Census Tract 9566; Lane County; Kansas",52222,25196,NA,NA,1962,6,14,20
"20103070100","Census Tract 701; Leavenworth County; Kansas",32279,7174,20635200,9131392,1942,12,285,136
"20103070200","Census Tract 702; Leavenworth County; Kansas",39629,12189,NA,NA,1938,NA,128,126
"20103070300","Census Tract 703; Leavenworth County; Kansas",82513,16878,NA,NA,1959,5,74,79
"20103070400","Census Tract 704; Leavenworth County; Kansas",62701,5212,151542400,44168387,1938,NA,69,54
"20103070500","Census Tract 705; Leavenworth County; Kansas",50705,10429,NA,NA,1974,5,140,80
"20103070700","Census Tract 707; Leavenworth County; Kansas",79681,14317,288869400,58426449,1975,4,50,57
"20103070900","Census Tract 709; Leavenworth County; Kansas",81930,6581,NA,NA,1981,6,2,4
"20103071000","Census Tract 710; Leavenworth County; Kansas",114044,19116,NA,NA,1996,5,13,21
"20103071102","Census Tract 711.02; Leavenworth County; Kansas",57083,21669,198034500,53402963,1971,13,146,80
"20103071103","Census Tract 711.03; Leavenworth County; Kansas",125625,26570,NA,NA,1997,3,0,11
"20103071104","Census Tract 711.04; Leavenworth County; Kansas",159375,20206,NA,NA,2001,4,0,11
"20103071105","Census Tract 711.05; Leavenworth County; Kansas",92386,17446,371713900,84435804,1986,2,0,11
"20103071202","Census Tract 712.02; Leavenworth County; Kansas",114088,6847,NA,NA,1996,3,74,56
"20103071204","Census Tract 712.04; Leavenworth County; Kansas",91146,12758,329220500,63564712,1993,5,0,11
"20103071205","Census Tract 712.05; Leavenworth County; Kansas",145577,21532,501193700,77356279,1997,4,0,11
"20103071400","Census Tract 714; Leavenworth County; Kansas",99524,25175,1260963300,978460677,1981,12,0,11
"20103071600","Census Tract 716; Leavenworth County; Kansas",133875,16176,336367100,45983276,1989,7,25,28
"20103071800","Census Tract 718; Leavenworth County; Kansas",71687,11923,NA,NA,1982,10,54,61
"20103981900","Census Tract 9819; Leavenworth County; Kansas",93875,17382,NA,NA,1995,5,37,57
"20105086100","Census Tract 861; Lincoln County; Kansas",52540,4097,127329000,19331314,1938,NA,47,25
"20107955101","Census Tract 9551.01; Linn County; Kansas",72530,29506,NA,NA,1987,4,2,4
"20107955102","Census Tract 9551.02; Linn County; Kansas",57488,11516,NA,NA,1989,3,81,67
"20107955200","Census Tract 9552; Linn County; Kansas",54085,4488,NA,NA,1973,3,64,33
"20109954600","Census Tract 9546; Logan County; Kansas",70382,8626,113979400,15009097,1964,3,41,33
"20111000101","Census Tract 1.01; Lyon County; Kansas",38188,9050,37990900,15227981,1969,5,95,88
"20111000102","Census Tract 1.02; Lyon County; Kansas",NA,NA,NA,NA,NA,NA,0,11
"20111000103","Census Tract 1.03; Lyon County; Kansas",74655,6934,43346200,10540764,1973,4,9,15
"20111000201","Census Tract 2.01; Lyon County; Kansas",63708,12501,NA,NA,1973,2,143,113
"20111000202","Census Tract 2.02; Lyon County; Kansas",77337,10979,135912500,31644854,1986,5,15,31
"20111000203","Census Tract 2.03; Lyon County; Kansas",70170,15574,NA,NA,1979,4,19,21
"20111000300","Census Tract 3; Lyon County; Kansas",48364,8076,NA,NA,1956,13,50,68
"20111000400","Census Tract 4; Lyon County; Kansas",24840,7551,NA,NA,1947,17,69,50
"20111000500","Census Tract 5; Lyon County; Kansas",57189,11005,NA,NA,1938,NA,0,11
"20111000600","Census Tract 6; Lyon County; Kansas",71618,23188,216098100,97319677,1962,11,11,13
"20111000700","Census Tract 7; Lyon County; Kansas",82663,13352,NA,NA,1977,3,0,11
"20111000800","Census Tract 8; Lyon County; Kansas",82788,11052,226994200,28692037,1973,4,8,9
"20113788100","Census Tract 7881; McPherson County; Kansas",77902,6508,188440500,23235545,1974,4,31,25
"20113788200","Census Tract 7882; McPherson County; Kansas",70121,13137,NA,NA,1966,7,17,19
"20113788300","Census Tract 7883; McPherson County; Kansas",76458,8421,242143300,45237228,1969,7,7,8
"20113788400","Census Tract 7884; McPherson County; Kansas",76693,8558,NA,NA,1984,4,101,82
"20113788500","Census Tract 7885; McPherson County; Kansas",81406,27708,NA,NA,1938,NA,28,26
"20113788600","Census Tract 7886; McPherson County; Kansas",52316,12574,NA,NA,1973,9,31,41
"20113788700","Census Tract 7887; McPherson County; Kansas",72366,8653,379093600,60161024,1974,3,92,61
"20115489500","Census Tract 4895; Marion County; Kansas",57411,10539,61240400,10888966,1942,5,15,12
"20115489600","Census Tract 4896; Marion County; Kansas",62688,8778,149347800,17301165,1960,4,18,18
"20115489700","Census Tract 4897; Marion County; Kansas",61324,7106,NA,NA,1957,4,47,25
"20115489800","Census Tract 4898; Marion County; Kansas",56109,4498,168001300,16817885,1956,7,14,10
"20117040701","Census Tract 407.01; Marshall County; Kansas",75938,8307,116424700,27780443,1971,8,13,12
"20117060510","Census Tract 605.10; Marshall County; Kansas",54837,14012,NA,NA,1960,6,50,33
"20117070182","Census Tract 701.82; Marshall County; Kansas",57552,8865,102986700,21050471,1954,13,37,27
"20117090186","Census Tract 901.86; Marshall County; Kansas",63988,7791,137652400,24466308,1960,14,2,6
"20119966600","Census Tract 9666; Meade County; Kansas",71964,13741,NA,NA,1960,6,15,15
"20119966700","Census Tract 9667; Meade County; Kansas",78214,21388,55064200,10670716,1957,6,9,14
"20121100100","Census Tract 1001; Miami County; Kansas",93880,10310,427927900,48203632,1987,4,0,11
"20121100200","Census Tract 1002; Miami County; Kansas",109762,14299,595500200,139628596,2002,2,71,52
"20121100300","Census Tract 1003; Miami County; Kansas",117583,23100,360593000,77260968,1992,4,1,3
"20121100400","Census Tract 1004; Miami County; Kansas",72074,25743,416556700,59525771,1999,4,30,32
"20121100500","Census Tract 1005; Miami County; Kansas",96471,13721,512741400,87553688,1977,7,24,25
"20121100601","Census Tract 1006.01; Miami County; Kansas",70701,7563,372511700,57582186,1966,10,123,108
"20121100602","Census Tract 1006.02; Miami County; Kansas",90819,11595,NA,NA,1985,9,0,11
"20121100700","Census Tract 1007; Miami County; Kansas",61447,9212,225118100,53806778,1956,5,55,80
"20123176600","Census Tract 1766; Mitchell County; Kansas",60469,8239,162772600,31997886,1958,8,92,59
"20123176700","Census Tract 1767; Mitchell County; Kansas",69063,14042,NA,NA,1952,6,22,16
"20125950100","Census Tract 9501; Montgomery County; Kansas",69922,6758,130398800,29011829,1979,7,14,9
"20125950200","Census Tract 9502; Montgomery County; Kansas",44872,9025,52571300,14172624,1951,7,5,7
"20125950300","Census Tract 9503; Montgomery County; Kansas",63036,8494,216086300,30518728,1970,4,23,30
"20125950400","Census Tract 9504; Montgomery County; Kansas",43975,7120,46133500,10429662,1938,NA,73,58
"20125950500","Census Tract 9505; Montgomery County; Kansas",45250,9499,NA,NA,1949,7,45,40
"20125950600","Census Tract 9506; Montgomery County; Kansas",38688,12641,NA,NA,1968,8,74,61
"20125950700","Census Tract 9507; Montgomery County; Kansas",79075,7270,190371600,32829706,1974,4,20,17
"20125950800","Census Tract 9508; Montgomery County; Kansas",61000,8862,NA,NA,1966,11,56,44
"20125951000","Census Tract 9510; Montgomery County; Kansas",29159,3534,NA,NA,1938,NA,198,79
"20125951100","Census Tract 9511; Montgomery County; Kansas",40561,6556,44372800,12623678,1941,7,88,85
"20125951300","Census Tract 9513; Montgomery County; Kansas",57440,13177,83088200,36314667,1956,5,44,33
"20125951400","Census Tract 9514; Montgomery County; Kansas",37778,6246,NA,NA,1946,6,58,39
"20127963600","Census Tract 9636; Morris County; Kansas",49566,7678,NA,NA,1958,6,16,14
"20127963700","Census Tract 9637; Morris County; Kansas",58854,11795,136748500,44394364,1959,5,66,39
"20129964600","Census Tract 9646; Morton County; Kansas",57943,5390,68015600,9732812,1969,4,24,18
"20131480100","Census Tract 4801; Nemaha County; Kansas",69844,12621,197481100,30147997,1973,6,109,63
"20131480200","Census Tract 4802; Nemaha County; Kansas",74291,7081,359848300,57954126,1971,5,23,15
"20131480300","Census Tract 4803; Nemaha County; Kansas",66493,12786,NA,NA,1965,15,10,10
"20133951600","Census Tract 9516; Neosho County; Kansas",60000,9989,167703200,33625783,1972,4,75,46
"20133951700","Census Tract 9517; Neosho County; Kansas",54393,12760,NA,NA,1945,9,30,28
"20133951800","Census Tract 9518; Neosho County; Kansas",52865,10420,134347600,27502231,1967,5,79,60
"20133951900","Census Tract 9519; Neosho County; Kansas",61719,24666,NA,NA,1945,11,20,29
"20133952000","Census Tract 9520; Neosho County; Kansas",55536,16510,NA,NA,1990,8,27,32
"20135956300","Census Tract 9563; Ness County; Kansas",64907,7389,111493900,15664150,1958,2,9,8
"20137951700","Census Tract 9517; Norton County; Kansas",52710,7115,NA,NA,1953,5,22,23
"20139010100","Census Tract 101; Osage County; Kansas",71875,7387,216822100,38450890,1976,3,37,18
"20139010200","Census Tract 102; Osage County; Kansas",57344,10318,NA,NA,1969,5,16,15
"20139010300","Census Tract 103; Osage County; Kansas",76576,15050,NA,NA,1974,4,2,4
"20139010400","Census Tract 104; Osage County; Kansas",51458,11656,109268600,23224761,1967,7,40,30
"20139010500","Census Tract 105; Osage County; Kansas",73005,5107,253301800,47286466,1972,4,15,17
"20141474100","Census Tract 4741; Osborne County; Kansas",58750,7749,131012400,16825280,1949,4,31,21
"20143085600","Census Tract 856; Ottawa County; Kansas",84484,4392,212068200,72090469,1969,9,2,3
"20143085700","Census Tract 857; Ottawa County; Kansas",67548,10999,178307800,23345704,1954,9,57,38
"20145970200","Census Tract 9702; Pawnee County; Kansas",47342,9006,NA,NA,1958,4,169,75
"20145970300","Census Tract 9703; Pawnee County; Kansas",79297,15920,NA,NA,1943,8,24,30
"20147475100","Census Tract 4751; Phillips County; Kansas",50341,9030,NA,NA,1944,11,4,4
"20147475200","Census Tract 4752; Phillips County; Kansas",59762,7759,55505900,9432874,1956,8,9,11
"20147475300","Census Tract 4753; Phillips County; Kansas",58980,5729,144893300,76620114,1964,3,37,35
"20149000101","Census Tract 1.01; Pottawatomie County; Kansas",93721,15564,218903800,45688423,1987,9,7,11
"20149000102","Census Tract 1.02; Pottawatomie County; Kansas",94366,10728,NA,NA,2005,2,2,4
"20149000200","Census Tract 2; Pottawatomie County; Kansas",94773,13813,NA,NA,1974,3,20,32
"20149000300","Census Tract 3; Pottawatomie County; Kansas",69766,7538,287327200,120835237,1982,4,42,41
"20149000400","Census Tract 4; Pottawatomie County; Kansas",67763,9109,281807700,50103893,1968,9,68,32
"20151968600","Census Tract 9686; Pratt County; Kansas",56359,11855,116723500,31872712,1946,5,23,15
"20151968700","Census Tract 9687; Pratt County; Kansas",60813,8737,98622100,19631375,1953,3,46,45
"20151968800","Census Tract 9688; Pratt County; Kansas",63899,6592,NA,NA,1955,8,61,47
"20153950600","Census Tract 9506; Rawlins County; Kansas",61827,11846,115320800,19355776,1957,4,58,30
"20155000100","Census Tract 1; Reno County; Kansas",52472,13082,NA,NA,1980,4,96,66
"20155000200","Census Tract 2; Reno County; Kansas",59550,12423,163990500,47442815,1968,2,61,57
"20155000300","Census Tract 3; Reno County; Kansas",81541,10684,477645800,73214323,1975,3,114,84
"20155000400","Census Tract 4; Reno County; Kansas",56528,5737,100108700,20886034,1954,2,37,32
"20155000500","Census Tract 5; Reno County; Kansas",56071,7143,NA,NA,1938,NA,17,24
"20155000600","Census Tract 6; Reno County; Kansas",33370,8708,NA,NA,1938,NA,105,57
"20155000700","Census Tract 7; Reno County; Kansas",48301,6116,NA,NA,1952,5,35,44
"20155000800","Census Tract 8; Reno County; Kansas",44524,13738,29928000,12475019,1938,NA,23,30
"20155001000","Census Tract 10; Reno County; Kansas",40022,7567,29844700,8663795,1963,6,33,43
"20155001100","Census Tract 11; Reno County; Kansas",87000,7825,355164900,31997847,1977,2,41,39
"20155001200","Census Tract 12; Reno County; Kansas",68519,14181,200785400,30823840,1977,3,57,48
"20155001300","Census Tract 13; Reno County; Kansas",41961,6866,116030300,30203891,1973,5,109,59
"20155001400","Census Tract 14; Reno County; Kansas",64618,9544,NA,NA,1974,5,30,34
"20155001500","Census Tract 15; Reno County; Kansas",67784,14425,225886600,108812747,1968,5,15,13
"20155001600","Census Tract 16; Reno County; Kansas",53438,6551,60250900,14804343,1944,6,21,20
"20155001700","Census Tract 17; Reno County; Kansas",36354,13916,109309200,21962979,1952,3,9,7
"20155001800","Census Tract 18; Reno County; Kansas",70208,11115,NA,NA,1966,10,20,11
"20157978100","Census Tract 9781; Republic County; Kansas",53553,11356,NA,NA,1938,NA,2,4
"20157978200","Census Tract 9782; Republic County; Kansas",66354,10574,NA,NA,1938,NA,4,4
"20157978300","Census Tract 9783; Republic County; Kansas",50345,6303,72622300,13043487,1953,5,39,33
"20159967100","Census Tract 9671; Rice County; Kansas",52283,5582,NA,NA,1950,3,21,13
"20159967200","Census Tract 9672; Rice County; Kansas",61591,10997,NA,NA,1955,3,43,36
"20159967300","Census Tract 9673; Rice County; Kansas",58533,6988,144911300,20396712,1957,6,5,8
"20161000201","Census Tract 2.01; Riley County; Kansas",42194,18605,NA,NA,1996,8,16,24
"20161000202","Census Tract 2.02; Riley County; Kansas",53469,6319,206774400,45821409,1982,4,58,60
"20161000303","Census Tract 3.03; Riley County; Kansas",27708,2135,NA,NA,1969,8,22,36
"20161000304","Census Tract 3.04; Riley County; Kansas",52089,15472,207821100,61602089,1968,3,219,189
"20161000500","Census Tract 5; Riley County; Kansas",30296,6366,NA,NA,1978,8,55,61
"20161000601","Census Tract 6.01; Riley County; Kansas",77356,19669,304670000,42174065,1981,3,11,17
"20161000602","Census Tract 6.02; Riley County; Kansas",94941,22753,519871300,114566234,2009,2,0,16
"20161000700","Census Tract 7; Riley County; Kansas",55962,9486,181757400,37978197,1962,6,27,28
"20161000801","Census Tract 8.01; Riley County; Kansas",27602,6035,34812000,22570243,1974,5,70,63
"20161000802","Census Tract 8.02; Riley County; Kansas",50714,8444,NA,NA,1953,7,63,66
"20161000900","Census Tract 9; Riley County; Kansas",65545,9608,367804900,97623564,1982,5,31,29
"20161001002","Census Tract 10.02; Riley County; Kansas",48658,8748,NA,NA,2005,10,0,16
"20161001101","Census Tract 11.01; Riley County; Kansas",24732,8773,NA,NA,2000,7,81,51
"20161001102","Census Tract 11.02; Riley County; Kansas",76071,20080,NA,NA,1989,8,12,15
"20161001301","Census Tract 13.01; Riley County; Kansas",107431,15561,NA,NA,1999,7,16,18
"20161001302","Census Tract 13.02; Riley County; Kansas",87474,6869,426543800,52285322,1977,5,21,25
"20161980000","Census Tract 9800; Riley County; Kansas",NA,NA,NA,NA,NA,NA,0,11
"20163974600","Census Tract 9746; Rooks County; Kansas",57232,2521,100442600,14668912,1950,4,81,41
"20163974700","Census Tract 9747; Rooks County; Kansas",71313,6703,NA,NA,1957,2,59,32
"20165972300","Census Tract 9723; Rush County; Kansas",53523,10087,109176900,18275537,1952,4,32,24
"20167973800","Census Tract 9738; Russell County; Kansas",47909,6878,NA,NA,1955,3,71,59
"20167973900","Census Tract 9739; Russell County; Kansas",57340,7106,132142200,29172229,1951,5,14,9
"20169000101","Census Tract 1.01; Saline County; Kansas",39328,16825,NA,NA,1961,11,114,81
"20169000102","Census Tract 1.02; Saline County; Kansas",NA,NA,NA,NA,1948,8,284,143
"20169000200","Census Tract 2; Saline County; Kansas",29086,2379,NA,NA,1956,3,61,47
"20169000300","Census Tract 3; Saline County; Kansas",48783,10849,NA,NA,1949,7,156,143
"20169000400","Census Tract 4; Saline County; Kansas",52530,2548,136446300,24062152,1949,3,32,33
"20169000500","Census Tract 5; Saline County; Kansas",59271,26077,194192100,62671435,1966,5,73,84
"20169000600","Census Tract 6; Saline County; Kansas",56528,14827,NA,NA,1967,4,0,11
"20169000700","Census Tract 7; Saline County; Kansas",88944,12896,333397000,51239055,1978,4,122,139
"20169000800","Census Tract 8; Saline County; Kansas",75470,5467,NA,NA,1978,6,269,170
"20169000900","Census Tract 9; Saline County; Kansas",54950,6595,NA,NA,1958,3,204,141
"20169001000","Census Tract 10; Saline County; Kansas",102105,18704,543823900,71043826,1987,3,39,43
"20169001100","Census Tract 11; Saline County; Kansas",91000,13147,374012700,46948784,1979,3,14,14
"20169001200","Census Tract 12; Saline County; Kansas",78542,8523,233204200,42193708,1956,8,3,4
"20171957100","Census Tract 9571; Scott County; Kansas",53365,11107,NA,NA,1962,5,0,16
"20173000100","Census Tract 1; Sedgwick County; Kansas",46040,7898,NA,NA,1956,4,19,26
"20173000200","Census Tract 2; Sedgwick County; Kansas",60306,10188,NA,NA,1951,3,12,21
"20173000300","Census Tract 3; Sedgwick County; Kansas",46082,11041,NA,NA,1938,NA,160,95
"20173000400","Census Tract 4; Sedgwick County; Kansas",42583,24646,NA,NA,1951,6,124,58
"20173000600","Census Tract 6; Sedgwick County; Kansas",37700,15218,NA,NA,1960,8,77,44
"20173000700","Census Tract 7; Sedgwick County; Kansas",38355,10191,37769400,13091714,1957,3,217,110
"20173000800","Census Tract 8; Sedgwick County; Kansas",26103,14445,NA,NA,1959,4,191,84
"20173000900","Census Tract 9; Sedgwick County; Kansas",22310,9020,22049700,7975029,1950,8,93,72
"20173001000","Census Tract 10; Sedgwick County; Kansas",53576,14138,75985900,25603251,1945,3,87,48
"20173001100","Census Tract 11; Sedgwick County; Kansas",45464,8803,NA,NA,1944,6,68,43
"20173001400","Census Tract 14; Sedgwick County; Kansas",69890,15555,177388000,20180483,1938,NA,28,27
"20173001500","Census Tract 15; Sedgwick County; Kansas",43611,11945,NA,NA,1948,3,17,21
"20173001800","Census Tract 18; Sedgwick County; Kansas",32917,9433,NA,NA,1952,4,77,40
"20173001900","Census Tract 19; Sedgwick County; Kansas",52411,14481,NA,NA,1938,NA,40,25
"20173002000","Census Tract 20; Sedgwick County; Kansas",89875,9772,NA,NA,1938,NA,6,9
"20173002200","Census Tract 22; Sedgwick County; Kansas",103500,26226,131557000,21314834,1938,NA,0,11
"20173002300","Census Tract 23; Sedgwick County; Kansas",60011,5164,57735200,16825486,1938,NA,27,21
"20173002400","Census Tract 24; Sedgwick County; Kansas",35221,7796,NA,NA,1945,5,106,62
"20173002600","Census Tract 26; Sedgwick County; Kansas",50965,5648,NA,NA,1938,NA,34,31
"20173002700","Census Tract 27; Sedgwick County; Kansas",46319,4606,NA,NA,1953,6,71,41
"20173002800","Census Tract 28; Sedgwick County; Kansas",44063,16932,60256600,16547184,1941,8,73,55
"20173002900","Census Tract 29; Sedgwick County; Kansas",47027,11455,55397200,11029307,1954,3,53,43
"20173003000","Census Tract 30; Sedgwick County; Kansas",29371,2822,31457900,14325386,1956,3,87,65
"20173003100","Census Tract 31; Sedgwick County; Kansas",40149,10101,34780100,10611633,1954,4,74,40
"20173003200","Census Tract 32; Sedgwick County; Kansas",42753,6733,NA,NA,1951,7,31,30
"20173003400","Census Tract 34; Sedgwick County; Kansas",44323,22602,NA,NA,1942,4,69,77
"20173003500","Census Tract 35; Sedgwick County; Kansas",56192,4479,50478800,11476552,1945,6,21,26
"20173003600","Census Tract 36; Sedgwick County; Kansas",42381,10482,68177100,19308765,1953,4,78,73
"20173003700","Census Tract 37; Sedgwick County; Kansas",30917,9752,NA,NA,1947,2,208,138
"20173003800","Census Tract 38; Sedgwick County; Kansas",45125,10701,NA,NA,1952,4,29,32
"20173003900","Census Tract 39; Sedgwick County; Kansas",37218,10660,NA,NA,1954,2,130,101
"20173004000","Census Tract 40; Sedgwick County; Kansas",33087,8448,NA,NA,1963,6,37,53
"20173004301","Census Tract 43.01; Sedgwick County; Kansas",41620,17497,NA,NA,1950,9,184,118
"20173004302","Census Tract 43.02; Sedgwick County; Kansas",29928,18015,NA,NA,1975,2,182,111
"20173005100","Census Tract 51; Sedgwick County; Kansas",43685,5091,NA,NA,1961,7,126,118
"20173005200","Census Tract 52; Sedgwick County; Kansas",52875,6118,111703600,23122493,1961,3,153,76
"20173005300","Census Tract 53; Sedgwick County; Kansas",57879,7924,NA,NA,1957,2,19,23
"20173005401","Census Tract 54.01; Sedgwick County; Kansas",58217,15746,89580800,24779610,2000,6,0,11
"20173005402","Census Tract 54.02; Sedgwick County; Kansas",46606,3908,123464000,69473880,1987,5,146,107
"20173005501","Census Tract 55.01; Sedgwick County; Kansas",65811,5366,187539300,36581689,1978,5,53,54
"20173005502","Census Tract 55.02; Sedgwick County; Kansas",68320,8409,NA,NA,1988,7,0,16
"20173005600","Census Tract 56; Sedgwick County; Kansas",61078,6223,NA,NA,1987,7,48,50
"20173005700","Census Tract 57; Sedgwick County; Kansas",61586,13400,222462400,54161902,1973,9,28,33
"20173005800","Census Tract 58; Sedgwick County; Kansas",37799,7423,NA,NA,1959,4,95,90
"20173005900","Census Tract 59; Sedgwick County; Kansas",52394,8890,NA,NA,1986,4,109,84
"20173006000","Census Tract 60; Sedgwick County; Kansas",44881,12570,NA,NA,1957,2,59,42
"20173006100","Census Tract 61; Sedgwick County; Kansas",36146,25332,NA,NA,1980,22,15,24
"20173006200","Census Tract 62; Sedgwick County; Kansas",41250,13079,NA,NA,1959,4,28,42
"20173006300","Census Tract 63; Sedgwick County; Kansas",37782,16123,NA,NA,1961,7,104,76
"20173006400","Census Tract 64; Sedgwick County; Kansas",67656,14867,NA,NA,1953,1,21,27
"20173006500","Census Tract 65; Sedgwick County; Kansas",29750,6375,NA,NA,1949,3,47,55
"20173006600","Census Tract 66; Sedgwick County; Kansas",61688,11672,NA,NA,1992,7,0,11
"20173006700","Census Tract 67; Sedgwick County; Kansas",65496,25265,55164200,19681314,1959,2,42,45
"20173006800","Census Tract 68; Sedgwick County; Kansas",26983,7292,NA,NA,1958,2,247,121
"20173006900","Census Tract 69; Sedgwick County; Kansas",48333,9689,64375500,18395275,1957,2,31,35
"20173007000","Census Tract 70; Sedgwick County; Kansas",39175,16926,NA,NA,1963,4,112,90
"20173007101","Census Tract 71.01; Sedgwick County; Kansas",61771,13332,51984500,11234739,1958,2,13,15
"20173007102","Census Tract 71.02; Sedgwick County; Kansas",49300,8798,71837200,27484473,1976,2,108,78
"20173007201","Census Tract 72.01; Sedgwick County; Kansas",102132,21572,467039200,164647759,1998,2,8,13
"20173007205","Census Tract 72.05; Sedgwick County; Kansas",56816,3880,NA,NA,1983,2,181,131
"20173007206","Census Tract 72.06; Sedgwick County; Kansas",67813,12447,106274500,24918946,1985,3,183,103
"20173007207","Census Tract 72.07; Sedgwick County; Kansas",102098,13045,NA,NA,2002,3,0,11
"20173007208","Census Tract 72.08; Sedgwick County; Kansas",105196,11019,NA,NA,2001,2,0,16
"20173007301","Census Tract 73.01; Sedgwick County; Kansas",79776,28851,NA,NA,1974,5,24,25
"20173007302","Census Tract 73.02; Sedgwick County; Kansas",91250,35583,216681500,28276226,1967,2,14,21
"20173007500","Census Tract 75; Sedgwick County; Kansas",41453,12518,NA,NA,1956,1,33,30
"20173007600","Census Tract 76; Sedgwick County; Kansas",65300,17330,NA,NA,1959,3,180,85
"20173007701","Census Tract 77.01; Sedgwick County; Kansas",34668,10845,61604700,22880707,2000,15,40,47
"20173007702","Census Tract 77.02; Sedgwick County; Kansas",51220,17571,197754300,40127631,1986,4,185,151
"20173007800","Census Tract 78; Sedgwick County; Kansas",29286,12604,23305400,6529595,1957,2,42,52
"20173008000","Census Tract 80; Sedgwick County; Kansas",68117,4165,NA,NA,1984,7,9,14
"20173008100","Census Tract 81; Sedgwick County; Kansas",87984,23007,NA,NA,1960,9,21,22
"20173008200","Census Tract 82; Sedgwick County; Kansas",65630,2177,NA,NA,1962,8,37,41
"20173008300","Census Tract 83; Sedgwick County; Kansas",61154,18965,200565900,40393748,1963,5,88,108
"20173008400","Census Tract 84; Sedgwick County; Kansas",54611,2297,NA,NA,1966,3,27,22
"20173008500","Census Tract 85; Sedgwick County; Kansas",51767,8541,88533300,18944397,1958,2,8,13
"20173008600","Census Tract 86; Sedgwick County; Kansas",53158,8874,NA,NA,1967,4,55,34
"20173008700","Census Tract 87; Sedgwick County; Kansas",45726,4005,NA,NA,1969,5,75,38
"20173008800","Census Tract 88; Sedgwick County; Kansas",49577,13975,NA,NA,1962,6,53,44
"20173008900","Census Tract 89; Sedgwick County; Kansas",45203,15560,NA,NA,1970,20,60,52
"20173009000","Census Tract 90; Sedgwick County; Kansas",42545,6516,54814700,9982518,1970,14,38,34
"20173009100","Census Tract 91; Sedgwick County; Kansas",49136,14436,NA,NA,1974,2,44,56
"20173009200","Census Tract 92; Sedgwick County; Kansas",65417,20978,NA,NA,1971,4,29,31
"20173009301","Census Tract 93.01; Sedgwick County; Kansas",48181,3651,NA,NA,1979,4,191,188
"20173009303","Census Tract 93.03; Sedgwick County; Kansas",57169,9693,NA,NA,1982,4,106,78
"20173009304","Census Tract 93.04; Sedgwick County; Kansas",38069,5349,NA,NA,1984,3,63,55
"20173009401","Census Tract 94.01; Sedgwick County; Kansas",86667,27521,NA,NA,1966,2,15,18
"20173009402","Census Tract 94.02; Sedgwick County; Kansas",49922,14128,133276600,46715020,1971,5,84,56
"20173009504","Census Tract 95.04; Sedgwick County; Kansas",72802,16306,284398500,51960480,1986,2,9,14
"20173009505","Census Tract 95.05; Sedgwick County; Kansas",105759,23339,205976800,33771002,1989,2,84,50
"20173009506","Census Tract 95.06; Sedgwick County; Kansas",89200,23140,NA,NA,1988,3,165,250
"20173009507","Census Tract 95.07; Sedgwick County; Kansas",97333,14305,NA,NA,2002,2,6,12
"20173009508","Census Tract 95.08; Sedgwick County; Kansas",76875,21148,NA,NA,1992,5,0,11
"20173009509","Census Tract 95.09; Sedgwick County; Kansas",125109,19494,NA,NA,2006,2,0,16
"20173009510","Census Tract 95.10; Sedgwick County; Kansas",113701,19567,NA,NA,1999,2,0,16
"20173009511","Census Tract 95.11; Sedgwick County; Kansas",95355,8404,502908600,143970577,1994,2,15,19
"20173009512","Census Tract 95.12; Sedgwick County; Kansas",93854,14347,280708400,24609418,1987,2,33,27
"20173009513","Census Tract 95.13; Sedgwick County; Kansas",71326,8522,NA,NA,1986,2,55,58
"20173009514","Census Tract 95.14; Sedgwick County; Kansas",104063,50645,460275900,74483162,1999,3,48,80
"20173009515","Census Tract 95.15; Sedgwick County; Kansas",102832,12753,392199100,35897542,1999,2,24,39
"20173009603","Census Tract 96.03; Sedgwick County; Kansas",88458,8397,NA,NA,1992,3,10,9
"20173009604","Census Tract 96.04; Sedgwick County; Kansas",81125,8019,148026000,29083747,1980,4,31,32
"20173009605","Census Tract 96.05; Sedgwick County; Kansas",117522,11886,NA,NA,1997,5,0,16
"20173009700","Census Tract 97; Sedgwick County; Kansas",104736,26583,469467600,89679103,1991,5,0,16
"20173009801","Census Tract 98.01; Sedgwick County; Kansas",57302,6126,NA,NA,1958,1,69,80
"20173009803","Census Tract 98.03; Sedgwick County; Kansas",78007,17958,262166500,58414819,1983,3,1,3
"20173009804","Census Tract 98.04; Sedgwick County; Kansas",86110,8427,234037600,46812613,1982,4,0,11
"20173009901","Census Tract 99.01; Sedgwick County; Kansas",115219,14506,419171300,51413279,2002,3,0,16
"20173009902","Census Tract 99.02; Sedgwick County; Kansas",69809,15767,376179200,58946035,1981,4,90,68
"20173010001","Census Tract 100.01; Sedgwick County; Kansas",128403,29371,532755400,64395389,1994,2,0,11
"20173010002","Census Tract 100.02; Sedgwick County; Kansas",136146,17690,NA,NA,2002,3,10,16
"20173010003","Census Tract 100.03; Sedgwick County; Kansas",81694,13424,133516400,27955300,1992,2,0,11
"20173010005","Census Tract 100.05; Sedgwick County; Kansas",90000,17112,NA,NA,1990,2,0,11
"20173010006","Census Tract 100.06; Sedgwick County; Kansas",70887,70677,229952000,134204720,1991,10,0,11
"20173010007","Census Tract 100.07; Sedgwick County; Kansas",79795,14066,NA,NA,2007,2,13,23
"20173010106","Census Tract 101.06; Sedgwick County; Kansas",89207,11577,NA,NA,1997,3,1,2
"20173010107","Census Tract 101.07; Sedgwick County; Kansas",73672,17436,NA,NA,1984,2,109,72
"20173010108","Census Tract 101.08; Sedgwick County; Kansas",92652,12289,NA,NA,1988,2,11,14
"20173010109","Census Tract 101.09; Sedgwick County; Kansas",38350,5315,152333700,64072097,1983,4,14,16
"20173010110","Census Tract 101.10; Sedgwick County; Kansas",94338,9032,232446500,41740666,1974,2,10,11
"20173010111","Census Tract 101.11; Sedgwick County; Kansas",98190,17049,NA,NA,1993,2,29,33
"20173010113","Census Tract 101.13; Sedgwick County; Kansas",101944,9706,353431800,48764097,2004,2,21,29
"20173010115","Census Tract 101.15; Sedgwick County; Kansas",147833,21662,1243409700,299964601,2004,2,148,96
"20173010116","Census Tract 101.16; Sedgwick County; Kansas",108365,16946,NA,NA,2010,2,0,11
"20173010201","Census Tract 102.01; Sedgwick County; Kansas",75878,11373,304159900,78035577,1975,4,14,25
"20173010202","Census Tract 102.02; Sedgwick County; Kansas",79688,22888,343437800,59146273,1994,10,271,360
"20173010301","Census Tract 103.01; Sedgwick County; Kansas",135625,22960,NA,NA,2007,1,30,49
"20173010302","Census Tract 103.02; Sedgwick County; Kansas",89107,25223,NA,NA,2010,6,165,155
"20173010400","Census Tract 104; Sedgwick County; Kansas",81484,8226,NA,NA,1957,10,7,8
"20173010500","Census Tract 105; Sedgwick County; Kansas",99653,14535,375220900,47395392,1985,8,4,6
"20173010600","Census Tract 106; Sedgwick County; Kansas",97500,36043,402934900,104853036,1991,4,2,4
"20173010700","Census Tract 107; Sedgwick County; Kansas",77219,6206,NA,NA,1981,5,68,75
"20173010801","Census Tract 108.01; Sedgwick County; Kansas",58462,10435,54227100,14064125,1991,4,26,33
"20173010802","Census Tract 108.02; Sedgwick County; Kansas",62206,15711,NA,NA,1998,4,48,35
"20173010900","Census Tract 109; Sedgwick County; Kansas",111916,23542,NA,NA,1951,4,23,22
"20175965600","Census Tract 9656; Seward County; Kansas",69188,10451,NA,NA,1976,4,17,17
"20175965700","Census Tract 9657; Seward County; Kansas",75583,11964,NA,NA,1989,5,123,80
"20175965800","Census Tract 9658; Seward County; Kansas",63256,9890,NA,NA,1962,5,13,20
"20175965900","Census Tract 9659; Seward County; Kansas",54025,9587,136492700,27442818,1968,4,54,58
"20175966000","Census Tract 9660; Seward County; Kansas",45187,15316,61517100,29413696,1971,6,210,169
"20177000400","Census Tract 4; Shawnee County; Kansas",32500,4514,NA,NA,1949,17,315,126
"20177000500","Census Tract 5; Shawnee County; Kansas",31875,5590,NA,NA,1953,12,86,59
"20177000600","Census Tract 6; Shawnee County; Kansas",39688,7249,NA,NA,1938,NA,114,56
"20177000700","Census Tract 7; Shawnee County; Kansas",51420,8953,NA,NA,1959,14,38,36
"20177000800","Census Tract 8; Shawnee County; Kansas",43381,4912,NA,NA,1955,6,172,121
"20177000900","Census Tract 9; Shawnee County; Kansas",55465,5729,104478000,40849853,1943,8,60,51
"20177001000","Census Tract 10; Shawnee County; Kansas",39671,11786,88144800,17733755,1944,7,172,143
"20177001100","Census Tract 11; Shawnee County; Kansas",27750,18109,NA,NA,1954,11,117,92
"20177001200","Census Tract 12; Shawnee County; Kansas",39643,4157,28280100,9077917,1963,6,27,25
"20177001300","Census Tract 13; Shawnee County; Kansas",45878,5953,NA,NA,1955,2,0,11
"20177001500","Census Tract 15; Shawnee County; Kansas",46974,8392,46404900,9753992,1960,4,25,21
"20177001601","Census Tract 16.01; Shawnee County; Kansas",64063,22460,NA,NA,1960,3,51,57
"20177001603","Census Tract 16.03; Shawnee County; Kansas",55656,10038,NA,NA,1970,2,79,51
"20177001604","Census Tract 16.04; Shawnee County; Kansas",54779,18950,NA,NA,1971,3,57,45
"20177001800","Census Tract 18; Shawnee County; Kansas",80313,14731,109602000,20296483,1938,NA,28,53
"20177001900","Census Tract 19; Shawnee County; Kansas",81803,20510,207419500,46418203,1941,4,105,63
"20177002100","Census Tract 21; Shawnee County; Kansas",53934,8918,NA,NA,1943,4,37,34
"20177002200","Census Tract 22; Shawnee County; Kansas",51987,11773,110832300,26588291,1938,NA,94,70
"20177002401","Census Tract 24.01; Shawnee County; Kansas",49529,17051,NA,NA,1979,5,204,90
"20177002402","Census Tract 24.02; Shawnee County; Kansas",49018,12034,101772400,58706341,1980,6,33,31
"20177002500","Census Tract 25; Shawnee County; Kansas",65417,14628,NA,NA,1962,3,92,59
"20177002601","Census Tract 26.01; Shawnee County; Kansas",62417,14592,NA,NA,1966,3,73,46
"20177002602","Census Tract 26.02; Shawnee County; Kansas",58176,7529,391982000,62945402,1982,3,149,141
"20177002701","Census Tract 27.01; Shawnee County; Kansas",61669,7998,NA,NA,1958,2,78,75
"20177002702","Census Tract 27.02; Shawnee County; Kansas",62027,12613,280952800,45135711,1981,4,62,48
"20177002800","Census Tract 28; Shawnee County; Kansas",50204,14131,NA,NA,1968,5,158,92
"20177002900","Census Tract 29; Shawnee County; Kansas",42955,10729,NA,NA,1959,2,67,64
"20177003001","Census Tract 30.01; Shawnee County; Kansas",47078,4805,62271000,18385908,1960,4,86,49
"20177003002","Census Tract 30.02; Shawnee County; Kansas",77692,11372,261260100,31729774,1979,3,17,28
"20177003100","Census Tract 31; Shawnee County; Kansas",50782,7875,NA,NA,1979,7,66,60
"20177003301","Census Tract 33.01; Shawnee County; Kansas",80208,9322,NA,NA,1975,3,8,13
"20177003302","Census Tract 33.02; Shawnee County; Kansas",90625,15135,NA,NA,1983,8,20,25
"20177003401","Census Tract 34.01; Shawnee County; Kansas",102701,15645,413145800,55796115,1980,6,0,16
"20177003402","Census Tract 34.02; Shawnee County; Kansas",100761,15937,NA,NA,1983,9,13,22
"20177003500","Census Tract 35; Shawnee County; Kansas",79448,12832,435574300,52861106,1976,3,21,20
"20177003601","Census Tract 36.01; Shawnee County; Kansas",83250,10533,NA,NA,1983,7,53,48
"20177003604","Census Tract 36.04; Shawnee County; Kansas",112878,15337,491583600,68345255,1985,4,85,56
"20177003605","Census Tract 36.05; Shawnee County; Kansas",110281,15236,556634600,112158558,1990,5,68,47
"20177003606","Census Tract 36.06; Shawnee County; Kansas",74844,9353,239530500,39011490,1986,2,13,20
"20177003607","Census Tract 36.07; Shawnee County; Kansas",97344,31697,700633700,167269464,1999,2,77,64
"20177003701","Census Tract 37.01; Shawnee County; Kansas",68938,19343,344856100,56003509,1993,6,0,16
"20177003702","Census Tract 37.02; Shawnee County; Kansas",66552,27185,167392600,94259144,1969,7,33,38
"20177003901","Census Tract 39.01; Shawnee County; Kansas",105653,6432,573346800,54507292,1978,2,0,16
"20177003902","Census Tract 39.02; Shawnee County; Kansas",84734,16612,506490700,76617683,1984,6,0,11
"20177004000","Census Tract 40; Shawnee County; Kansas",23987,2185,NA,NA,1941,13,430,181
"20177004100","Census Tract 41; Shawnee County; Kansas",66296,7244,NA,NA,1949,3,200,80
"20179952800","Census Tract 9528; Sheridan County; Kansas",66719,13594,125048800,17751966,1963,5,59,32
"20181453600","Census Tract 4536; Sherman County; Kansas",74730,14020,106965500,24671614,1970,7,2,4
"20181453700","Census Tract 4537; Sherman County; Kansas",52305,13916,NA,NA,1965,6,58,56
"20183475800","Census Tract 4758; Smith County; Kansas",50725,3015,67346100,9115756,1957,5,19,13
"20183475900","Census Tract 4759; Smith County; Kansas",51932,11338,74835900,9995773,1940,7,8,9
"20185470600","Census Tract 4706; Stafford County; Kansas",60156,10604,NA,NA,1956,5,28,23
"20185470700","Census Tract 4707; Stafford County; Kansas",59875,7847,97554600,17898987,1945,4,2,3
"20187964100","Census Tract 9641; Stanton County; Kansas",66000,3833,NA,NA,1967,6,14,16
"20189965100","Census Tract 9651; Stevens County; Kansas",95192,19131,56987300,17437797,1979,5,13,18
"20189965200","Census Tract 9652; Stevens County; Kansas",63729,6981,142819300,24334711,1970,6,56,30
"20191962100","Census Tract 9621; Sumner County; Kansas",71875,16452,NA,NA,1973,6,18,19
"20191962200","Census Tract 9622; Sumner County; Kansas",69393,4834,337258100,67251467,1974,4,43,21
"20191962300","Census Tract 9623; Sumner County; Kansas",63654,7632,NA,NA,1953,3,19,13
"20191962400","Census Tract 9624; Sumner County; Kansas",65109,13670,141965700,25203497,1963,5,35,44
"20191962500","Census Tract 9625; Sumner County; Kansas",44210,6700,82006500,14787177,1956,9,111,64
"20191962600","Census Tract 9626; Sumner County; Kansas",53964,7671,105065100,13686708,1974,6,55,36
"20193953100","Census Tract 9531; Thomas County; Kansas",63908,7893,282528400,45903063,1969,4,50,53
"20193953400","Census Tract 9534; Thomas County; Kansas",84545,10591,NA,NA,1959,5,15,18
"20195955800","Census Tract 9558; Trego County; Kansas",77500,18550,NA,NA,1963,4,25,16
"20197483100","Census Tract 4831; Wabaunsee County; Kansas",67589,8781,295419700,56650494,1958,11,29,17
"20197483200","Census Tract 4832; Wabaunsee County; Kansas",72803,6333,NA,NA,1972,7,16,19
"20199954100","Census Tract 9541; Wallace County; Kansas",57708,10523,NA,NA,1964,5,24,15
"20201978600","Census Tract 9786; Washington County; Kansas",56719,7170,202264800,83461872,1952,6,28,27
"20201978700","Census Tract 9787; Washington County; Kansas",60917,3874,144304600,48210105,1954,4,24,12
"20203957600","Census Tract 9576; Wichita County; Kansas",69551,10062,NA,NA,1970,4,13,19
"20205097100","Census Tract 971; Wilson County; Kansas",55167,8401,NA,NA,1972,5,5,6
"20205097200","Census Tract 972; Wilson County; Kansas",63125,10676,71775400,12720076,1977,4,47,29
"20205097300","Census Tract 973; Wilson County; Kansas",51188,10829,NA,NA,1965,5,49,30
"20205097400","Census Tract 974; Wilson County; Kansas",52386,15903,NA,NA,1958,13,40,29
"20207096600","Census Tract 966; Woodson County; Kansas",58355,9208,60382400,11461789,1968,6,7,8
"20207096700","Census Tract 967; Woodson County; Kansas",41480,3686,NA,NA,1956,5,33,22
"20209040100","Census Tract 401; Wyandotte County; Kansas",54097,7443,NA,NA,1952,2,34,25
"20209040200","Census Tract 402; Wyandotte County; Kansas",73352,6248,36654000,18641296,1945,5,11,12
"20209040500","Census Tract 405; Wyandotte County; Kansas",48638,625,97650100,32365839,1956,2,60,54
"20209040600","Census Tract 406; Wyandotte County; Kansas",56959,9610,NA,NA,1953,3,35,28
"20209040700","Census Tract 407; Wyandotte County; Kansas",44628,20264,NA,NA,1938,NA,6,10
"20209040900","Census Tract 409; Wyandotte County; Kansas",69650,22712,NA,NA,1950,12,17,18
"20209041100","Census Tract 411; Wyandotte County; Kansas",28655,4009,NA,NA,1938,NA,25,33
"20209041200","Census Tract 412; Wyandotte County; Kansas",25791,11271,NA,NA,1952,20,60,56
"20209041300","Census Tract 413; Wyandotte County; Kansas",55343,23895,NA,NA,1943,9,47,39
"20209041400","Census Tract 414; Wyandotte County; Kansas",28780,9031,NA,NA,1953,10,102,61
"20209041500","Census Tract 415; Wyandotte County; Kansas",51100,21406,66981900,49890618,1959,9,0,11
"20209041600","Census Tract 416; Wyandotte County; Kansas",60255,6449,NA,NA,1953,7,71,63
"20209041900","Census Tract 419; Wyandotte County; Kansas",68029,4210,36151600,11918153,1938,NA,9,15
"20209042001","Census Tract 420.01; Wyandotte County; Kansas",31594,2573,NA,NA,1938,NA,119,136
"20209042002","Census Tract 420.02; Wyandotte County; Kansas",47740,25067,NA,NA,1942,8,110,60
"20209042100","Census Tract 421; Wyandotte County; Kansas",49211,8823,52584800,15591497,1938,NA,7,11
"20209042200","Census Tract 422; Wyandotte County; Kansas",48661,9932,NA,NA,1941,5,0,11
"20209042300","Census Tract 423; Wyandotte County; Kansas",39181,6804,34673600,11922493,1938,NA,112,83
"20209042400","Census Tract 424; Wyandotte County; Kansas",36778,12287,28015600,7102179,1940,8,76,41
"20209042600","Census Tract 426; Wyandotte County; Kansas",31341,2819,25450600,6255065,1946,6,32,33
"20209042700","Census Tract 427; Wyandotte County; Kansas",44615,25434,68803200,18639846,1938,NA,155,97
"20209042800","Census Tract 428; Wyandotte County; Kansas",48923,3309,69516100,20499774,1967,2,171,97
"20209042900","Census Tract 429; Wyandotte County; Kansas",31500,7915,NA,NA,1953,7,474,121
"20209043000","Census Tract 430; Wyandotte County; Kansas",50556,10944,NA,NA,1948,6,79,62
"20209043301","Census Tract 433.01; Wyandotte County; Kansas",51060,5797,NA,NA,1973,5,72,68
"20209043400","Census Tract 434; Wyandotte County; Kansas",61797,5503,78437300,14543687,1956,3,15,15
"20209043500","Census Tract 435; Wyandotte County; Kansas",63125,24659,57834000,17310971,1956,3,18,30
"20209043600","Census Tract 436; Wyandotte County; Kansas",58176,17709,NA,NA,1959,3,0,16
"20209043700","Census Tract 437; Wyandotte County; Kansas",54625,17883,NA,NA,1963,5,26,31
"20209043802","Census Tract 438.02; Wyandotte County; Kansas",69000,17379,NA,NA,1962,8,6,10
"20209043803","Census Tract 438.03; Wyandotte County; Kansas",69167,14410,145018400,26582557,1960,6,76,64
"20209043903","Census Tract 439.03; Wyandotte County; Kansas",55417,13015,51833900,15180766,1957,2,40,43
"20209043904","Census Tract 439.04; Wyandotte County; Kansas",52426,20179,64894400,21860202,1967,4,64,50
"20209043905","Census Tract 439.05; Wyandotte County; Kansas",32292,14772,43852800,15938067,1973,4,0,11
"20209044001","Census Tract 440.01; Wyandotte County; Kansas",62619,9910,NA,NA,1960,5,0,11
"20209044002","Census Tract 440.02; Wyandotte County; Kansas",46648,8973,NA,NA,1984,8,42,35
"20209044101","Census Tract 441.01; Wyandotte County; Kansas",50000,28035,53804700,30757657,1978,3,20,20
"20209044102","Census Tract 441.02; Wyandotte County; Kansas",65179,15132,82647400,19461805,1965,2,0,11
"20209044103","Census Tract 441.03; Wyandotte County; Kansas",68397,14328,NA,NA,1980,8,23,28
"20209044104","Census Tract 441.04; Wyandotte County; Kansas",40113,16043,NA,NA,1972,2,179,102
"20209044201","Census Tract 442.01; Wyandotte County; Kansas",67998,11567,NA,NA,1966,3,38,35
"20209044202","Census Tract 442.02; Wyandotte County; Kansas",66111,18876,NA,NA,1966,2,23,33
"20209044301","Census Tract 443.01; Wyandotte County; Kansas",55136,13409,88937900,18215268,1961,6,84,56
"20209044302","Census Tract 443.02; Wyandotte County; Kansas",43686,25799,42189500,9940800,1958,3,0,11
"20209044303","Census Tract 443.03; Wyandotte County; Kansas",50285,7017,NA,NA,1965,4,50,37
"20209044400","Census Tract 444; Wyandotte County; Kansas",55087,8251,126854500,31861318,1957,3,66,61
"20209044500","Census Tract 445; Wyandotte County; Kansas",52708,16380,63595900,14775681,1961,4,57,43
"20209044601","Census Tract 446.01; Wyandotte County; Kansas",79464,34784,NA,NA,1962,7,13,21
"20209044602","Census Tract 446.02; Wyandotte County; Kansas",NA,NA,NA,NA,NA,NA,0,11
"20209044603","Census Tract 446.03; Wyandotte County; Kansas",NA,NA,NA,NA,NA,NA,0,11
"20209044702","Census Tract 447.02; Wyandotte County; Kansas",78526,12920,NA,NA,1983,3,58,49
"20209044703","Census Tract 447.03; Wyandotte County; Kansas",85709,5113,245966800,64737898,2002,5,94,41
"20209044704","Census Tract 447.04; Wyandotte County; Kansas",99375,14151,104258700,22349789,1988,4,8,13
"20209044803","Census Tract 448.03; Wyandotte County; Kansas",109172,4346,764928100,224349735,2005,2,0,16
"20209044804","Census Tract 448.04; Wyandotte County; Kansas",120636,13043,NA,NA,2002,3,25,40
"20209044807","Census Tract 448.07; Wyandotte County; Kansas",111625,15091,NA,NA,1988,5,20,24
"20209044900","Census Tract 449; Wyandotte County; Kansas",69694,14506,NA,NA,1965,6,62,55
"20209045100","Census Tract 451; Wyandotte County; Kansas",43162,15277,NA,NA,1977,3,101,63
"20209045200","Census Tract 452; Wyandotte County; Kansas",51071,22414,150393900,37146920,1948,5,142,96
"20209980000","Census Tract 9800; Wyandotte County; Kansas",NA,NA,NA,NA,NA,NA,0,11
"20209980500","Census Tract 9805; Wyandotte County; Kansas",NA,NA,NA,NA,NA,NA,0,11
"20209980900","Census Tract 9809; Wyandotte County; Kansas",NA,NA,NA,NA,NA,NA,0,11
"20209981200","Census Tract 9812; Wyandotte County; Kansas",NA,NA,NA,NA,NA,NA,0,11
"20209981500","Census Tract 9815; Wyandotte County; Kansas",NA,NA,NA,NA,NA,NA,4,5
